
[
  { "name": "Großer Eisenhügel", "info": "Viele Eisenvorkommen", "coords": [1000, 1200], "type": "eisen" },
  { "name": "Silberhöhle", "info": "Silberminen unterirdisch", "coords": [2000, 2500], "type": "silber" },
  { "name": "Waldgebiet", "info": "Viel Holz", "coords": [800, 3000], "type": "holz" },
  { "name": "Boss Skorpion", "info": "Sehr gefährlich!", "coords": [3200, 1400], "type": "bosse" },
  { "name": "Steinfeld", "info": "Guter Startpunkt für Stein", "coords": [600, 600], "type": "stein" },
  { "name": "Verlassene Ruine", "info": "Besondere Lootstelle", "coords": [2800, 1800], "type": "specials" }
]
